contest_id,q_rating,contest_type,question_no,accuracy,avg_solving_time,sub_ratio,tried_but_cannot_solved,total_participant,total_correct_sub_for_each_q,total_sub_for_each_q,total_time_to_sove_q
1526,800,2,1,0.8950527169505271,1572.4374773468649,0.7653259361997226,1294,14420,11036,12330,17353420
1526,1400,2,2,0.45891694174324205,2791.8804432348365,0.3567267683772538,6065,14420,5144,11209,14361433
1526,1500,2,3,0.46539813355956855,2486.170833333333,0.26629680998613037,4411,14420,3840,8251,9546896
1526,1600,2,4,0.7456418383518225,1142.198016294722,0.19576976421636616,963,14420,2823,3786,3224425
1526,2200,2,5,0.44022503516174405,3644.73482428115,0.021705963938973647,398,14420,313,711,1140802
1526,2400,2,6,0.7777777777777778,3052.0285714285715,0.0048543689320388345,20,14420,70,90,213642
1526,3000,2,7,0.6666666666666666,5997.0,0.00013869625520110957,1,14420,2,3,11994
